<?xml version="1.0" encoding="UTF-8"?>
<project-private xmlns="http://www.netbeans.org/ns/project-private/1">
    <editor-bookmarks xmlns="http://www.netbeans.org/ns/editor-bookmarks/2" lastBookmarkId="0"/>
    <open-files xmlns="http://www.netbeans.org/ns/projectui-open-files/2">
        <group>
            <file>file:/C:/Users/CALAO/Desktop/ElParqueadero-master/ParqueaderoDef/src/utilidades/Util.java</file>
            <file>file:/C:/Users/CALAO/Desktop/ElParqueadero-master/ParqueaderoDef/src/datos/Registro.java</file>
            <file>file:/C:/Users/CALAO/Desktop/ElParqueadero-master/ParqueaderoDef/src/grafica/Ventana.java</file>
            <file>file:/C:/Users/CALAO/Desktop/ElParqueadero-master/ParqueaderoDef/src/utilidades/GestorPersistencia.java</file>
            <file>file:/C:/Users/CALAO/Desktop/ElParqueadero-master/ParqueaderoDef/src/datos/Opcion.java</file>
            <file>file:/C:/Users/CALAO/Desktop/ElParqueadero-master/ParqueaderoDef/src/logica/GestorRegistro.java</file>
            <file>file:/C:/Users/CALAO/Desktop/ElParqueadero-master/ParqueaderoDef/src/datos/Conductor.java</file>
        </group>
    </open-files>
</project-private>
